<?xml version="1.0"?>
<skin version="1.1" name="stormtrooper" author="LongTail Video">

	<components>
		<component name="controlbar">
			<settings>
				<setting name="margin" value="10" />
				<setting name="fontsize" value="10" />
				<setting name="frontcolor" value="#90BE04" />
				<setting name="buttoncolor" value="0x444444" />
			</settings>

			<elements>
				<element name="background" src="background.png" />
				<element name="capLeft" src="capLeft.png" />
				<element name="capRight" src="capRight.png" />
				<element name="divider" src="divider.png" />
								
				<element name="blankButton" src="blankButton.png" />
				<element name="blankButtonOver" src="blankButton.png" />
				
				<element name="playButton" src="playButton.png" />
				<element name="playButtonOver" src="playButtonOver.png" />
				
				<element name="pauseButton" src="pauseButton.png" />
				<element name="pauseButtonOver" src="pauseButtonOver.png" />
				
				<element name="timeSliderRail" src="timeSliderRail.png" />
				<element name="timeSliderBuffer" src="timeSliderBuffer.png" />
				<element name="timeSliderProgress" src="timeSliderProgress.png" />
				<!--<element name="timeSliderThumb" src="timeSliderThumb.png" />-->
				
				<!--<element name="elapsedBackground" src="divider.png" />-->
				<!--<element name="timeSliderCapLeft" src="timeSliderCapLeft.png" />
				<element name="timeSliderCapRight" src="timeSliderCapRight.png" />
				<!--<element name="timeSliderRail" src="timeSliderRail.png" />-->
				<element name="timeSliderRailCapLeft" src="timeSliderRailCapLeft.png" />
				<element name="timeSliderRailCapRight" src="timeSliderRailCapRight.png" />
				<!--<element name="timeSliderBuffer" src="timeSliderBuffer.png" />-->
				<element name="timeSliderBufferCapLeft" src="timeSliderBufferCapLeft.png" />
				<element name="timeSliderBufferCapRight" src="timeSliderBufferCapRight.png" />
				<!--<element name="timeSliderProgress" src="timeSliderProgress.png" />-->
				<element name="timeSliderProgressCapLeft" src="timeSliderProgressCapLeft.png" />
				<element name="timeSliderProgressCapRight" src="timeSliderProgressCapRight.png" />
				<!--<element name="timeSliderThumb" src="timeSliderThumb.png" />
				<element name="durationBackground" src="divider.png" />-->
					
				
				
				
				<element name="fullscreenButton" src="fullscreenButton.png" />
				<element name="fullscreenButtonOver" src="fullscreenButtonOver.png" />
				
				<element name="normalscreenButton" src="normalscreenButton.png" />
				<element name="normalscreenButtonOver" src="normalscreenButtonOver.png" />
				
				<element name="muteButton" src="muteButton.png" />
				<element name="muteButtonOver" src="muteButtonOver.png" />
				
				<element name="unmuteButton" src="unmuteButton.png" />
				<element name="unmuteButtonOver" src="unmuteButtonOver.png" />
				
				<element name="volumeSliderRail" src="volumeSliderRail.png" />
				<element name="volumeSliderBuffer" src="volumeSliderBuffer.png" />
				<element name="volumeSliderProgress" src="volumeSliderProgress.png" />
			</elements>
		</component>
		
		<component name="display">
			<settings>
			   <setting name='bufferrotation' value='15' />
               <setting name='bufferinterval' value='100' />
			</settings>
			<elements>
				<element name="background" src="background.png" />
				<element name="playIcon" src="playIcon.png" />
				<element name="muteIcon" src="muteIcon.png" />
				<element name="errorIcon" src="errorIcon.png" />
				<element name="bufferIcon" src="bufferIcon.png" />
			</elements>
		</component>
		
		<component name="dock">
			<elements>
				<element name="button" src="button.png" />
				<element name="buttonOver" src="button.png" />
			</elements>
		</component>
		
		<component name="playlist">
			<settings>
				<setting name='fontcolor' value='0x333333' />
 		        <setting name='overcolor' value='0x000000' />	
		        <setting name='activecolor' value='0x000000' />
				<setting name="thumbs" value="false" />
			</settings>
			<elements>
				<element name="background" src="background.png" />
				<element name="item" src="item.png" />
				<element name="itemOver" src="itemOver.png" />
				<element name="itemActive" src="itemActive.png" />
				<!-- <element name="itemImage" src="itemImage.png" /> -->
				<element name="sliderRail" src="sliderRail.png" />
				<element name="sliderCapTop" src="sliderCapTop.png" />
				<element name="sliderCapBottom" src="sliderCapBottom.png" />
			</elements>
		</component>
		
		<component name="sharing">
			<elements>
				<element name="embedScreen" src="embedScreen.png" />
				<element name="shareScreen" src="shareScreen.png" />
			</elements>
		</component>

	</components>

</skin>